# x,y,mission_state,target_speed_mps
-120.36252764327848,36.03555436034368,1,0.20
-123.0,40.8,1,0.35
-126.12116513749258,46.650538629829526,1,0.35
-128.4,53.0,1,0.30
-130.2,58.2,1,0.25
-131.5354213347476,61.829714929681145,2,0.18
